document,line,first_words
Chap-01-models.qmd,29,"By combining the two types of reasoning, we can get"
Chap-01-models.qmd,63,"For now, we will simply use the analogy of a chain"
Chap-01-models.qmd,84,"In discussing heuristic reasoning, we have used ""givens"" as the"
Chap-01-models.qmd,90,"In order to use formal reasoning to get from real-world"
Chap-01-models.qmd,120,"Using techniques introduced in the following chapters, we have translated"
Chap-02-systems.qmd,18,"In this book, we will build and use models of"
Chap-02-systems.qmd,62,"In modeling, we often deal with concepts that are not"
Chap-02-systems.qmd,108,"In this book, however, we use ""sample"" in its statistical"
Chap-02-systems.qmd,122,"For instance, we might have a population of stars or"
Chap-03-quantities.qmd,19,"For instance, we might operationalize ""health"" using measures such as"
Chap-03-quantities.qmd,21,"In this book, we will use ""quantity"" within a specific"
Chap-03-quantities.qmd,41,"As a reminder, we turn to a nice book from"
Chap-03-quantities.qmd,120,"For this purpose, we use square brackets."
Chap-03-quantities.qmd,120,"For instance, we can write the dimension of power using"
Chap-03-quantities.qmd,142,"In the boxed quantity in @eq-lincoln-gap, we have converted"
Chap-03-quantities.qmd,188,"In the previous paragraph, we used the word ""over"" as"
Chap-03-quantities.qmd,207,"For the (S, I) pair, the space is analogous to"
Chap-03-quantities.qmd,211,"In this introductory-level book, we will use only a handful"
Chap-04-rates.qmd,40,"For instance, at the risk of being long winded, we"
Chap-04-rates.qmd,126,"For instance, we can look at the change in temperature"
Chap-04-rates.qmd,253,"For the 1200-square-foot house in the example, we would have"
Chap-04-rates.qmd,259,"Using the rate, we can compare the energetics of walking"
Chap-04-rates.qmd,276,"As previously stated, we use dimensionless flavors of one to"
Chap-05-magnitudes.qmd,248,"As regards time, we have an idiomatic system for avoiding"
Chap-05-magnitudes.qmd,287,"For a rare disease, we present its prevalence across different"
Chap-05-magnitudes.qmd,460,"In contrast, we generally use differences to compare quantities"
Chap-06-functions.qmd,80,"In the text of this book, we will use the"
Chap-07-core-modeling-functions.qmd,516,"By figuratively picking up the oil-data graph, along with its"
Chap-07-core-modeling-functions.qmd,525,"For each core modeling function, we present the story in"
Chap-07-core-modeling-functions.qmd,525,"In the language of functions, we will treat time as"
Chap-08-uncertainty.qmd,38,"In addition to this walk length information, we know that"
Chap-08-uncertainty.qmd,38,"As described in sec-quantities, we combine quantities with different"
Chap-08-uncertainty.qmd,85,"In Chapters sec-hypothesis-and-likelihood and sec-bayes, we will add"
Chap-08-uncertainty.qmd,87,"In this book, we adopt the Bayesian perspective."
Chap-08-uncertainty.qmd,91,"In this section, we focus on three distributions that modelers"
Chap-09-composing-functions.qmd,105,"With input scaling, we can adjust the time at which"
Chap-10-tradeoffs.qmd,41,"In the spirit of fun, we imagine that the output"
Chap-10-tradeoffs.qmd,227,"In order to claim that one of the labeled choices"
Chap-10-tradeoffs.qmd,227,"In contrast, when comparing D versus E, we see that"
Chap-11-likelihood.qmd,22,"In the language of sec-tradeoffs, we might call this"
Chap-11-likelihood.qmd,37,"In the likelihood framework, we replace ideas about individual"
Chap-11-likelihood.qmd,48,"At this time of this writing, 2027, we know the"
Chap-11-likelihood.qmd,118,"From the overall likelihood for each of the hypothesized rate"
Chap-12-bayes.qmd,38,"After about a year, we have collected some data."
Chap-12-bayes.qmd,156,"For cars that have not (yet) had an accident, we"
Chap-12-bayes.qmd,158,"In the meantime, we show the appropriate distribution without justification."
Chap-12-bayes.qmd,206,"For each advocate, we combine the evidence from the individual"
Chap-12-bayes.qmd,206,"As in sec-hypothesis-and-likelihood, we accomplish this combination for each"
Chap-12-bayes.qmd,293,"As we have been doing since sec-uncertainty, we can express"
Chap-12-bayes.qmd,328,"In the Bayesian framework, we do not demand right-or-wrong answers."
Chap-12-bayes.qmd,360,"With the likelihood functions for each of the first 16"
Chap-13-dynamics.qmd,123,"For velocity, we need to do a calculation."
Chap-13-dynamics.qmd,141,"By the argument in @nte-find-accel-pendulum, we can estimate"
Chap-13-dynamics.qmd,348,"In honor of @fig-world-population, we will call the state"
Chap-13-dynamics.qmd,445,"In @fig-steady-dyn, we arranged things so that the doubling"
Chap-13-dynamics.qmd,477,"In @fig-theory-vs-practice, we compare the exponential growth dynamics"
Chap-13-dynamics.qmd,534,"In sec-customizing-functions, we introduced ways to build custom functions"
Chap-13-dynamics.qmd,550,"For simplicity, we will use the same skeleton for each"
Chap-14-rates-of-change.qmd,114,"In exploring systems whose state changes in time in sec-dynamics"
Chap-14-rates-of-change.qmd,116,"In particular, we worked with the concept of an instantaneous"
Chap-14-rates-of-change.qmd,148,"In order to use rates of change, we need more"
Chap-14-rates-of-change.qmd,248,"Before rashly jumping to this conclusion, we should do a"
Chap-14-rates-of-change.qmd,356,"At 75 QALYs per dollar, we spent only $8 billion."
Chap-14-rates-of-change.qmd,374,"Without spending a single dollar above the $15 billion total"
Chap-14-rates-of-change.qmd,381,"For instance, In determining the best allocation of expenditures, we"
Chap-14-rates-of-change.qmd,387,"For the demonstration, we will use a generic name for"
Chap-14-rates-of-change.qmd,430,"From this, we can calculate the rate of change of"
Chap-14-rates-of-change.qmd,433,"In the previous example, we used input values of 3"
Chap-14-rates-of-change.qmd,435,"In the language of instantaneous change, we are looking at"
Chap-14-rates-of-change.qmd,447,"In the following chunk, we have set h <- 0."
Chap-14-rates-of-change.qmd,447,"In both cases, we calculate the change in the output"
Chap-14-rates-of-change.qmd,525,"For a mother function f(t), we will write the derivative"
Chap-15-accumulation.qmd,56,"For each, we'll depict the instantaneous rate of change"
Chap-15-accumulation.qmd,274,"From ongoing public health data collection, we know the incidence"
Chap-15-accumulation.qmd,286,"For instance, we might have patient age, sex, and stage"
Chap-15-accumulation.qmd,297,"Using such functions, we can compute the expected survival time"
Chap-15-accumulation.qmd,297,"For the sake of argument, we will imagine that the average"
Chap-15-accumulation.qmd,315,"Using only the treatment cost and the age distribution of"
Chap-15-accumulation.qmd,443,"For this, we need to plot r(year) versus year, not"
Chap-15-accumulation.qmd,452,"Using the tools of mathematical accumulation, we can accumulate the"
Chap-16-operations.qmd,26,"In previous chapters, we introduced a framework for quantitative thinking"
Chap-16-operations.qmd,32,"In this final chapter, we bring together these components"
Chap-16-operations.qmd,67,"In this section, we look at the basic mathematics of"
Chap-16-operations.qmd,69,"For illustration, we create mathematical hills and explore ways"
Chap-16-operations.qmd,71,"For simplicity, we start with functions with a single input"
Chap-16-operations.qmd,115,"With two inputs, we can create a visualization that guides"
Chap-16-operations.qmd,231,"From position 0, we find the uphill direction."
Chap-16-operations.qmd,237,"As discussed in sec-rates-of-change, we can set h to"
Chap-16-operations.qmd,366,"With the arithmetic representation, we don't need a ruler"
Chap-16-operations.qmd,508,"In this learning task, we will start by sending human"
Chap-16-operations.qmd,634,"In particular, we will examine a series of 773 votes"
Chap-16-operations.qmd,636,"In supervised learning, as with the penguin species assignment, we"
Chap-16-operations.qmd,662,"For each of the 133 members of parliament, we have"
Chap-16-operations.qmd,791,"With these names for the horizontal bands in @fig-arranged-votes, we"