document,line,original_fragment,suggested_concise_alternative,reason
Chap-02-systems.qmd,18,"In this book, we will build and use models of","This book models","Replace introductory phrase with direct subject"
Chap-02-systems.qmd,62,"In modeling, we often deal with concepts that are not inherently quantitative","Models often include concepts that are not inherently quantitative","Use direct subject and verb"
Chap-02-systems.qmd,108,"In this book, however, we use sample in its statistical sense","Here, sample has its statistical meaning","Remove repeated framing"
Chap-03-quantities.qmd,19,"For instance, we might operationalize health using measures such as","For example, we might measure health using","Replace operationalize-plus-using construction"
Chap-03-quantities.qmd,21,"In this book, we will use quantity within a specific framework of surrounding concepts","Here, quantity has a specific meaning within a conceptual framework","Reduce framing language"
Chap-03-quantities.qmd,41,"As a reminder, we turn to a nice book from 1931","We turn to a 1931 book","Remove announcement and subjective modifier"
Chap-03-quantities.qmd,142,"In the boxed quantity in @eq-lincoln-gap, we have converted 1 mile to its equivalent","In @eq-lincoln-gap, we convert 1 mile to 5280 feet","State the action directly"
Chap-03-quantities.qmd,188,"In the previous paragraph, we used the word over as the marker for the second variable","Above, over marks the second variable","Remove unnecessary reference to the paragraph"
Chap-04-rates.qmd,40,"For instance, at the risk of being long winded, we will say","For example, we will say","Remove meta-commentary"
Chap-04-rates.qmd,126,"Earlier, in @sec-change-as-a-quantity, we introduced change in a quantity as a simple difference in the value of the quantity","In @sec-change-as-a-quantity, we defined change as the difference between two values","Remove repetition and nominalization"
Chap-04-rates.qmd,276,"The ratio/rate describes the context. Multiplying the rate by an amount—in terms of the denominator of the ratio—gives a total in terms of the numerator of the ratio","A rate describes the context. Multiplying it by an amount in the denominator's units gives a total in the numerator's units","Remove repeated wording"
Chap-05-magnitudes.qmd,248,"For temperatures, on the other hand, the prefix system is not used. Even without prefixes, we can write everyday temperatures with two digits","Temperatures do not use prefixes because everyday values already have only two digits","Combine repeated explanation"
Chap-05-magnitudes.qmd,287,"Naturally, 63 deaths per 10,000 people can also be sensibly written as","We could also write 63 deaths per 10,000 people as","Remove naturally and sensibly"
Chap-05-magnitudes.qmd,460,"In contrast, we generally use differences to compare quantities such as","We usually compare quantities such as ... by difference","Shorten introductory phrase"
Chap-06-functions.qmd,80,"In the text of this book, we will use the conventions of a popular computer language: R","This book uses R conventions","Replace indirect announcement"
Chap-07-core-modeling-functions.qmd,516,"By figuratively picking up the oil-data graph, along with its scales, and stretching and shifting it appropriately","By shifting and stretching the oil-data graph and its scales","Remove figuratively and excess coordination"
Chap-07-core-modeling-functions.qmd,525,"For each core modeling function, we present the story in two ways: a narrative and a graph","We present each core modeling function as a narrative and a graph","Use direct construction"
Chap-08-uncertainty.qmd,85,"In Chapters ... we will add a somewhat different perspective","Later chapters add another perspective","Remove navigation and somewhat"
Chap-08-uncertainty.qmd,91,"Nevertheless, almost always modelers draw from a small library of about twenty named distributions","Nevertheless, modelers usually draw from about twenty named distribution families","Remove almost always and small library of about"
Chap-09-composing-functions.qmd,105,"With input scaling, we can adjust the time at which the pill is taken","Input scaling shifts the time at which the pill is taken","Use a direct subject and verb"
Chap-10-tradeoffs.qmd,41,"In the spirit of fun, we imagine that the output in panel (a) is","For illustration, panel (a)'s output represents","Remove conversational framing"
Chap-10-tradeoffs.qmd,227,"In order to claim that one of the labeled choices is better than the other","To claim that one labeled choice is better than another","Replace in-order-to and repetition"
Chap-11-likelihood.qmd,22,"In the language of @sec-tradeoffs, we might call this finding an optimal model","Using the terminology of @sec-tradeoffs, this is an optimal model","Remove might-call-this framing"
Chap-11-likelihood.qmd,37,"In the likelihood framework, we replace ideas about individual hypotheses being correct or incorrect","The likelihood framework replaces the true/false view of individual hypotheses","Shorten repeated alternatives"
Chap-11-likelihood.qmd,118,"From the overall likelihood for each of the hypothesized rate parameters shown in @tbl-several-rates, we can see that","The overall likelihoods in @tbl-several-rates show that","Replace from-phrase with direct subject"
Chap-12-bayes.qmd,293,"As we have been doing since @sec-uncertainty, we can express uncertainty as a probability distribution","As in @sec-uncertainty, we express uncertainty as a probability distribution","Remove conversational scaffolding"
Chap-12-bayes.qmd,328,"In the Bayesian framework, we do not demand right-or-wrong answers","Bayesian reasoning does not demand right-or-wrong answers","Use direct subject"
Chap-13-dynamics.qmd,119,"Tempting though it might be to deal with this problem by allowing the dynamical rule to be something other than a function","Although one might allow the dynamical rule to be something other than a function","Shorten concessive opening"
Chap-13-dynamics.qmd,534,"In @sec-customizing-functions, we introduced ways to build custom functions to represent a given situation","In @sec-customizing-functions, we built custom functions to represent situations","Replace introduced ways to build"
Chap-14-rates-of-change.qmd,25,"Although the distinction between a rate and a rate of change may seem trivial at first glance","Although the distinction may initially seem trivial","Remove redundant wording"
Chap-14-rates-of-change.qmd,148,"In order to use rates of change, we need more information than provided above","To use rates of change, we need more information","Replace in-order-to construction"
Chap-14-rates-of-change.qmd,250,"We would need to do a little calculation to find the numerical value for the rate of change","We would need a short calculation to find the rate of change","Replace weak verb phrase"
Chap-14-rates-of-change.qmd,381,"And in @sec-moving-past-two-inputs we will introduce a few mathematical operations, each of which is pretty simple","And in @sec-moving-past-two-inputs we introduce several simple mathematical operations","Remove each-of-which and pretty"
Chap-15-accumulation.qmd,125,"As discussed in @sec-rates-of-change, differentiation is the name given to finding a marginal function from a mother function","As discussed in @sec-rates-of-change, differentiation finds the marginal function of a function","Replace name-given-to finding construction"
Chap-15-accumulation.qmd,315,"Using only the treatment cost and the age distribution of incidence, we can translate the horizontal axis into the total cost","Treatment cost and the age distribution of incidence let us translate the horizontal axis into total cost","Use direct subject"
Chap-16-operations.qmd,26,"In previous chapters, we introduced a framework for quantitative thinking, highlighting dimensionality","Previous chapters introduced a framework for quantitative thinking centered on dimensionality","Remove introductory phrase"
Chap-16-operations.qmd,67,"In this section, we look at the basic mathematics of walking uphill","This section develops the basic mathematics of walking uphill","Use direct verb"
Chap-16-operations.qmd,69,"For illustration, we create mathematical hills and explore ways to move in the right direction","We use mathematical hills to explore how to move uphill","Remove for-illustration framing"
Chap-16-operations.qmd,71,"For simplicity, we start with functions with a single input, as if you were obliged to walk along a road","We start with one-input functions, as if you were walking along a road","Remove unnecessary framing"
Chap-16-operations.qmd,237,"As discussed in @sec-rates-of-change, we can set h to be any small value","As discussed in @sec-rates-of-change, h can be any small value","Remove weak first-person construction"
Chap-16-operations.qmd,366,"With the arithmetic representation, we don't need a ruler to measure the length of a vector","The arithmetic representation lets us calculate vector length without a ruler","Use direct verb and remove filler"

Accidentally performed a "Concision Review" of Chapter 12, getting 

document,line,original,suggested_alternative,reason
Chap-12-bayes.qmd,17,"A real-world experiment is underway right now involving millions of people in a life-or-death situation.","A real-world experiment involving millions of people is underway.","Remove redundant ""right now"" and tighten the opening."
Chap-12-bayes.qmd,17,"Or, perhaps that is too dramatic.","Perhaps that is too dramatic.","Remove unnecessary discourse marker."
Chap-12-bayes.qmd,23,"As of this writing, companies have been running pilot programs deploying self-driving taxis in a handful of cities.","Companies currently run self-driving taxi pilots in several cities.","Replace wordy progressive construction and ""as of this writing."""
Chap-12-bayes.qmd,23,"Rather than comment on this data, we will imagine ourselves at a hypothetical time when we had only vague prior beliefs or opinions about the safety of the self-driving cars.","Rather than comment on these data, we will imagine having only vague prior beliefs about self-driving-car safety.","Remove hypothetical time frame, repetition, and ""or opinions."""
Chap-12-bayes.qmd,23,"We will keep it realistic, but because it is made-up, do not use this example to draw conclusions about the real world.","Although realistic, this example is fictional and should not support conclusions about the real world.","Combine the clauses and replace weak framing."
Chap-12-bayes.qmd,28,"To represent it quantitatively, we need to operationalize it: translate it into a quantity that can be recorded for each car.","We operationalize it as a quantity recorded for each car.","Remove repeated ""it"" and the definition already supplied by context."
Chap-12-bayes.qmd,28,"Our operationalization in this demonstration will be the number of miles driven by each car from the time it enters service until the first accident.","Here, we measure safety by each car's miles from entering service to its first accident.","Use a direct verb and shorten the time phrase."
Chap-12-bayes.qmd,30,"There are two kinds of uncertainty involved here.","Two kinds of uncertainty matter here.","Remove the weak existential construction."
Chap-12-bayes.qmd,30,"However, even if we knew for sure the precise level of fleet safety, a second form of uncertainty remains: whether and when a given car will be in an accident.","Even if fleet safety were known precisely, uncertainty would remain about whether and when a car would crash.","Remove ""knew for sure,"" ""a second form of,"" and repeated wording."
Chap-12-bayes.qmd,32,"Let us start with the second form of uncertainty, the one that pertains to individual cars.","Let us start with uncertainty about individual cars.","Remove repeated framing."
Chap-12-bayes.qmd,32,"We would represent this uncertainty with a probability distribution.","We represent this uncertainty with a probability distribution.","Use present tense and remove unnecessary conditional wording."
Chap-12-bayes.qmd,36,"Suppose, for the sake of illustration, that there are two people involved in a debate about safety.","Suppose two people are debating safety.","Remove ""for the sake of illustration"" and compress the phrase."
Chap-12-bayes.qmd,36,"There are, of course, many other possible hypotheses, for instance, 4.3 accidents per million miles.","Other hypotheses are possible, such as 4.3 accidents per million miles.","Remove conversational filler and repeated framing."
Chap-12-bayes.qmd,99,"Let us first focus on the evidence from the cars involved in an accident.","First, consider evidence from cars involved in accidents.","Shorten the introductory phrase."
Chap-12-bayes.qmd,149,"To calculate the likelihood of the data, under each hypothesis, multiply together the lengths of the black lines.","For each hypothesis, multiply the black-line lengths to calculate the data's likelihood.","Replace ""multiply together"" and move the main action forward."
Chap-12-bayes.qmd,151,"Actually, it is too early to declare a win. The game is only at halftime.","It is too early to declare victory; the evidence is incomplete.","Remove sports metaphors if they are not needed for the argument."
Chap-12-bayes.qmd,158,"To handle the data from non-accident cars, we need a probability distribution describing the mileage without an accident.","For non-accident cars, we need a distribution for mileage without an accident.","Remove ""to handle the data from""."
Chap-12-bayes.qmd,158,"We will show how to calculate this distribution in @sec-accumulation; we do not yet have the mathematical method needed.","@sec-accumulation shows how to calculate this distribution; the method is not yet available.","Remove repeated first-person framing."
Chap-12-bayes.qmd,206,"For each advocate, we combine the evidence from the individual cars into an overall likelihood.","For each advocate, we multiply the individual car likelihoods.","Replace abstract wording with the specific operation."
Chap-12-bayes.qmd,206,"As in @sec-hypothesis-and-likelihood, we accomplish this combination for each advocate, one at a time, simply by multiplying together the 10 individual likelihoods.","As in @sec-hypothesis-and-likelihood, we multiply the 10 car likelihoods for each advocate.","Remove repeated explanation and filler."
Chap-12-bayes.qmd,227,"We can avoid deception by a straw-man hypothesis by a relatively simple calculation.","We can avoid a straw-man comparison by considering more hypotheses.","Remove duplicated ""by"" construction and ""relatively simple."""
Chap-12-bayes.qmd,270,"The likelihood function does more than point to the most likely parameter.","The likelihood function also shows uncertainty about the parameter.","Replace indirect emphasis with the actual claim."
Chap-12-bayes.qmd,272,"The introduction to @sec-uncertainty described a very common way of expressing uncertainty, the ± format so often found in scientific work.","@sec-uncertainty introduced the common ± format for expressing uncertainty.","Remove repeated description and ""so often found."""
Chap-12-bayes.qmd,274,"That [1 to 17] uncertainty interval seems awfully broad to guide any real-world decision about whether self-driving cars are safe enough for regular use.","The [1 to 17] interval is too broad to guide a decision about self-driving-car safety.","Remove ""seems awfully"" and redundant qualifiers."
Chap-12-bayes.qmd,293,"The Bayesian framework replaces the true/false dichotomy with a genuine expression of uncertainty.","Bayesian reasoning replaces true/false judgments with quantified uncertainty.","Replace inflated phrase ""genuine expression of."""
Chap-12-bayes.qmd,295,"The Bayesian calculation is computationally simple: use the data to find the likelihood function, then multiply it by the prior.","Bayesian updating is simple: multiply the likelihood by the prior.","Remove repeated procedural wording."
Chap-12-bayes.qmd,297,"This subjectivity is what led the Frequentists to deny the applicability of the Bayesian method.","This subjectivity led Frequentists to reject Bayesian methods.","Replace ""is what led to"" and nominalization."
Chap-12-bayes.qmd,320,"We now return to the definition of a model: ""A representation for a purpose.""","A model is ""a representation for a purpose.""","Remove navigation language."
Chap-12-bayes.qmd,328,"Who is right? In the Bayesian framework, we do not demand right-or-wrong answers.","Who is right? Bayesian reasoning does not demand a right-or-wrong answer.","Replace first-person framing and simplify the noun phrase."
Chap-12-bayes.qmd,332,"To find that sensible prior, go back to the time before the first 16 tests.","To construct that prior, start before the first 16 tests.","Replace conversational instruction with a concise verb."
Chap-12-bayes.qmd,364,"We start with a prior for our beliefs before performing any tests.","Before testing, we start with a prior.","Remove repeated ""prior/beliefs/before"" wording."
Chap-12-bayes.qmd,364,"It may sound odd to calculate a prior by assuming a prior.","Calculating a prior by assuming one may sound odd.","Reduce repeated wording."
Chap-12-bayes.qmd,450,"It can be unsettling at first to express the success rate as a distribution rather than a single number.","Expressing the success rate as a distribution rather than a single number can be unsettling.","Use a direct gerund subject."
Chap-12-bayes.qmd,452,"The Pentagon's claim of 100% reliability does indeed find some support from the posterior distribution.","The posterior gives some support to the Pentagon's claim of 100% reliability.","Replace nominal construction with a direct verb."


